INSERT  INTO `area`(`codigo_area_pk`,`nombre`) VALUES 
(1,'SISTEMAS'),
(2,'GESTION HUMANA'),
(3,'CARTERA'),
(4,'NOMINA'),
(5,'CONTABILIDAD'),
(6,'OPERACIONES'),
(7,'COMERCIAL'),
(8,'LOGISTICA'),
(9,'PROGRAMACION'),
(10,'GERENCIA');

/*Datos tabla Cargo `cargo` */
INSERT  INTO `cargo`(`codigo_cargo_pk`,`nombre`) VALUES 
(1,'COORDINADOR (A) LICITACIONES'),
(2,'VICE PRESIDENTE'),
(3,'PRESIDENTE'),
(4,'ASISTENTE ADMINISTRATIVA REGIO'),
(5,'VIGILANTE'),
(6,'SUPERVISOR'),
(7,'ALMACENISTA ARMAS Y COMUNICACI'),
(8,'VIGILANTE A'),
(9,'AUXILIAR GESTION HUMANA'),
(10,'AUXILIAR DE FACTURACION'),
(11,'AUXILIAR DE PROGRAMACION REGIO'),
(12,'TECNICO ELECTRICO'),
(13,'COORDINADOR SISTEMAS'),
(14,'ESCOLTA'),
(15,'COORDINADOR DE OPERACIONES'),
(16,'COORDINADOR DE PROYECTO'),
(17,'COORD DE COMUNICACIONES Y SIST'),
(18,'DIRECCION ADMINISTRATIVA '),
(19,'ASISTENTE NAL OPERACIONES'),
(20,'ASESOR COMERCIAL REGIONAL'),
(21,'SUPERVISOR DE CONTROL Y COMUNI'),
(22,'AUXILIAR CONTABLE'),
(23,'AUXILIAR SALUD OCUPACIONAL'),
(24,'ASISTENTE  COMERCIAL'),
(25,'ASISTENTE DE GESTION HUMANA'),
(26,'AUX ADTIV SEGURIDAD ELECTRONIC'),
(27,'SUBDIRECTORA GESTION HUMANA'),
(28,'MENSAJERO'),
(29,'AUXILIAR ADMINISTRATIVA'),
(30,'POLIGRAFISTA'),
(31,'CONTADOR'),
(32,'DIRECTOR DE ESTRUCTURA ORG'),
(33,'CONDUCTOR'),
(34,'GERENTE GENERAL'),
(35,'DIRECTOR NAL GESTION HUMANA'),
(36,'ASISTENTE DE GERENCIA'),
(37,'COORDINADORA DE FORMACION'),
(38,'DIRECTOR  JURIDICO'),
(39,'ASISTENTE ESTRUCTURA ORG'),
(40,'DIRECTOR NACIONAL OPERACIONES'),
(41,'AUXILIAR GESTION DOCUMENTAL'),
(42,'AUXILIAR DE CARTERA'),
(43,'DIRECTOR NAL FINANCIERO'),
(44,'ASISTENTE JURIDICO'),
(45,'ALMACENISTA'),
(46,'ANALISTA DE LICITACIONES'),
(47,'ASISTENTE CONTABLE'),
(48,'COORDINADORA SALUD OCUPACIONAL'),
(49,'DIRECTOR DE OPERACIONES3'),
(51,'DIRECTOR DE AGENCIA'),
(52,'DIRECTOR DE OPERACIONES1'),
(53,'AUXILIAR DE NOMINA'),
(54,'OFICIOS VARIOS'),
(55,'ANALISTA GESTION DOCUMENTAL RE'),
(56,'INVESTIGADOR'),
(57,'DIRECTOR COMERCIAL'),
(58,'DIRECTOR REGIONAL ZONA'),
(59,'PSICOLOGA'),
(60,'COORDINADOR DE PROGRAMACION'),
(61,'DIRECTOR TECNICO EN ALARMAS'),
(62,'OPERADOR MEDIOS TECNOLOGICOS'),
(63,'APRENDIZ '),
(64,'ASISTENTE OPERACIONES'),
(65,'SUPERVISOR DE PORTERIA'),
(66,'DIRECTOR DE PROYECTO'),
(67,'ASISTENTE DE LICITACIONES'),
(68,'COORDINADOR'),
(69,'RECEPCIONISTA'),
(70,'SUPERVISOR DE ZONA'),
(71,'COMUNICADORA SOCIAL'),
(72,'AUXILIAR DE SISTEMAS'),
(73,'AUXILIAR DE COMPENSACION'),
(74,'AUXILIAR DE SISTEMAS'),
(75,'AUXILIAR COMPENACIONES'),
(76,'TRABAJADORA SOCIAL'),
(77,'DIRECTOR NACIONAL DE FORMACIÓN'),
(78,'COORDINADOR TECNICO'),
(79,'COORDINADORA DE VENTAS');

/*Datos Tabla `categoria` */
INSERT  INTO `categoria`(`codigo_categoria_pk`,`nombre`) VALUES 
(1,'DESARROLLO'),
(2,'MEJORA'),
(3,'SOPORTE'),
(4,'ERROR');

/*Datos tabla `departamento` */
INSERT  INTO `departamento`(`codigo_departamento_pk`,`nombre`) VALUES 
(1,'ANTIOQUIA'),
(2,'ATLANTICO'),
(3,'BOGOTA D. C.'),
(4,'BOYACA'),
(5,'CALDAS'),
(6,'CAQUETA'),
(7,'CAUCA'),
(8,'CESAR'),
(9,'CORDOBA'),
(10,'CUNDINAMARCA'),
(11,'CHOCO'),
(12,'HUILA'),
(13,'LA GUAJIRA'),
(14,'MAGDALENA'),
(15,'META'),
(16,'NARINO'),
(17,'NORTE DE SANTANDER'),
(18,'QUINDIO'),
(19,'RISARALDA'),
(20,'SANTANDER'),
(21,'SUCRE'),
(22,'TOLIMA'),
(23,'VALLE DEL CAUCA'),
(24,'ARAUCA'),
(25,'CASANARE'),
(26,'PUTUMAYO'),
(27,'ARCHIP. SAN ANDRES PROVID'),
(28,'AMAZONAS'),
(29,'GUAINIA'),
(30,'GUAVIARE'),
(31,'VAUPES'),
(32,'NO IDENTIFICADA');

/*Datos tabla ciudad `ciudad` */
INSERT  INTO `ciudad`(`codigo_ciudad_pk`,`codigo_departamento_fk`,`nombre`) VALUES 
(1,1,'MEDELLIN'),
(2,19,'PEREIRA'),
(3,23,'CALI'),
(4,15,'VILLAVICENCIO');

/*Data for the table `cliente` */
INSERT  INTO `cliente`(`codigo_cliente_pk`,`codigo_ciudad_fk`,`nombre`,`direccion`,`telefono`) VALUES 
(1,1,'SOGA APP',NULL,NULL),
(2,1,'1TEG SEGURIDAD LTDA','CARRERA 47 #39B SUR - 14','4445913'),
(3,1,'SEGURIDAD PLAZAS LTDA','CARRERA 78 #32D - 37','4124586'),
(4,1,'SEGURIDAD DORCHESTER LTDA','CALLE 52A #79- 40','5042055'),
(5,1,'GALAXIA SEGURIDAD LTDA','TRANSVERSAL 39B # 72 - 85','4163070'),
(6,3,'SEGURIDAD EUROVIC DE COLOMBIA','CALLE 8 OESTE #22 - 25','3337475'),
(7,2,'COORDINAR SEGURIDAD','CARRERA 11 #40-87','3447575'),
(8,4,'SEGURIDAD ESTELAR LTDA','CARRERA 44C #33 - B24','6728699'),
(9,1,'SEGURIDAD RECORD DE COLOMBIA','CARRERA 80 #47-74','4445550');

/*Datos tabla `modulo` */
INSERT  INTO `modulo`(`codigo_modulo_pk`,`nombre`) VALUES 
(1,'RECURSO HUMANO'),
(2,'TURNO'),
(3,'CARTERA'),
(4,'CONTABILIDAD'),
(5,'GENERAL'),
(6,'INVENTARIO');

/*Datos tabla `prioridad` */
INSERT  INTO `prioridad`(`codigo_prioridad_pk`,`nombre`) VALUES 
(1,'ALTA'),
(2,'MEDIO'),
(3,'BAJA'),
(4,'URGENTE');

/*Datos tabla `rol` */
INSERT  INTO `rol`(`codigo_rol_pk`,`nombre`) VALUES 
(1,'ROLE_USER'),
(2,'ROLE_ADMIN');


/*Datos tabla `tipo_novedad` */
INSERT  INTO `tipo_novedad`(`codigo_tipo_novedad_pk`,`nombre`) VALUES 
(1,'MEJORA'),
(2,'CORRECION'),
(3,'NUEVA HERRAMIENTA');


/*Datos tabla `user` */
INSERT  INTO `user`(`codigo_usuario_pk`,`codigo_rol_fk`,`codigo_cliente_fk`,`username`,`password`) VALUES 
(1,2,1,'SOGA','$2a$04$PnG5lhFGZdVt693dfck2x.InhlBsL/F.XAXzRxhWcLk7xM1TpGmcW'),
(2,1,2,'1TEG','$2a$04$jwjvemDy7Zf3NT/AWYv9mO2NPK.ie/33in6oii.MrZC0MYG...Dym'),
(3,1,3,'PLAZAS','$2a$04$2heng6S1ph0C3l.3gRLbe.mjgVGQjAuWhImyrfZ8MZgH0Phqsx9Uq'),
(4,1,4,'DORCHESTER','$2a$04$rnFjdVvLrvenD2pYwxAyZOy1lIuDZE2A8lpE.kMe1JJZ19ayZqLZe'),
(5,1,5,'GALAXIA','$2a$04$t27kvs.up01.Rn2K7ny7VeRMMBxedxpMIFLUJ5yhpJ7yCRQWAVg6a'),
(6,1,6,'EUROVIC','$2a$04$tYEt9vxe0ParKFbH9EwgM.xiM6G9r/lfYcg6mKaV0ce0idHNVZnQC'),
(7,1,7,'COORDINAR','$2a$04$iqgtd0gqbU3zs4Y/QTT7QeBCWJi0hHsC3e9Lx9cN0ATXthPdKOeFi'),
(8,1,8,'ESTELAR','$2a$04$RitqSr5QN94vuK90OEYFqe1TL5HscxUFXMv9M1Iuba1cyV6jDdaka'),
(9,1,9,'SEGURCOL','$2a$04$S2VoK4H.JGsq/Q8DvXfANu2tXSL8Ry83oUoAmM7I9LvEGIILAHJKy');